{
  "our_voting_power": 1593619.7767475983,
  "aero_price_usd": 0.829367,
  "nft_value_usd": 1321695.65,
  "total_expected_usd_per_epoch": 8977.0,
  "forecasted_apr_percent": 35.32
}